{
    "2t": {
        "control": [
            291.874206543,
            293.42779541,
            292.386901855,
            287.886627197,
            287.778320312,
            290.450439453,
            290.012634277,
            285.020446777,
            285.150939941,
            291.961975098,
            290.396240234,
            286.877960205,
            289.641418457,
            295.776855469,
            294.212585449,
            289.499633789,
            287.467803955,
            294.306945801,
            292.5078125,
            288.25994873,
            288.927246094,
            301.906280518,
            299.656860352,
            295.812805176,
            291.388763428,
            294.044555664,
            291.057250977,
            285.834899902,
            285.860473633,
            293.836181641,
            290.395843506,
            286.833679199,
            286.548156738,
            293.325256348,
            290.111572266,
            284.594085693,
            289.798278809,
            297.75112915,
            293.036651611,
            290.359008789
        ],
        "hres": [
            291.762023926,
            292.499511719,
            292.056488037,
            287.073852539,
            286.916381836,
            289.975036621,
            288.588806152,
            285.373840332,
            284.416442871,
            291.59173584,
            289.053833008,
            285.329406738,
            289.728729248,
            294.369262695,
            293.567687988,
            289.517150879,
            287.483276367,
            294.273986816,
            291.73223877,
            287.664672852,
            288.622528076,
            300.526275635,
            298.86114502,
            293.526367188,
            293.243041992,
            295.224121094,
            290.062438965,
            287.33493042,
            285.864562988,
            292.668640137,
            289.436584473,
            284.362426758,
            286.042358398,
            295.831542969,
            291.139831543,
            285.972717285,
            287.808654785,
            297.988708496,
            293.609741211,
            290.165344238
        ],
        "max": [
            292.223266602,
            294.892883301,
            293.23638916,
            289.403503418,
            288.962554932,
            292.063232422,
            290.578552246,
            285.983154297,
            286.23840332,
            294.26852417,
            292.600067139,
            290.636474609,
            290.921386719,
            298.121459961,
            295.990844727,
            291.838531494,
            290.12713623,
            299.967407227,
            297.060119629,
            291.529205322,
            293.511291504,
            304.956970215,
            301.019012451,
            297.335205078,
            294.453216553,
            303.13293457,
            299.005493164,
            293.203033447,
            290.872344971,
            301.798156738,
            299.255493164,
            294.057128906,
            294.071899414,
            303.547119141,
            300.717559814,
            294.514373779,
            293.858001709,
            302.679443359,
            298.485992432,
            293.223876953
        ],
        "median": [
            291.73147583,
            293.407287598,
            291.975494385,
            287.90222168,
            287.338195801,
            289.868225098,
            289.156005859,
            285.029052734,
            284.915527344,
            292.080810547,
            290.18737793,
            286.260192871,
            288.869018555,
            294.74420166,
            292.896789551,
            288.374267578,
            287.50402832,
            294.932312012,
            292.538909912,
            287.909667969,
            288.857177734,
            300.68548584,
            297.638763428,
            292.030456543,
            289.935424805,
            294.584869385,
            291.867004395,
            287.448669434,
            287.202056885,
            293.936859131,
            291.131713867,
            286.607452393,
            286.920959473,
            294.882293701,
            292.224121094,
            287.717315674,
            287.884155273,
            296.289123535,
            293.486419678,
            288.993591309
        ],
        "min": [
            290.487854004,
            291.388427734,
            289.876159668,
            285.817199707,
            285.266723633,
            285.979370117,
            286.015167236,
            283.850036621,
            283.748016357,
            289.74041748,
            287.840148926,
            282.471923828,
            285.313232422,
            289.943817139,
            289.915466309,
            285.731811523,
            285.097839355,
            290.766693115,
            289.74798584,
            285.365966797,
            287.25,
            295.870788574,
            293.102600098,
            287.983581543,
            287.874633789,
            290.169067383,
            288.272277832,
            283.245147705,
            284.363708496,
            289.786010742,
            288.463623047,
            283.338409424,
            284.184631348,
            290.719787598,
            287.610351562,
            284.210449219,
            284.812316895,
            288.979217529,
            288.091430664,
            285.615112305
        ],
        "ninety": [
            292.058654785,
            294.373901367,
            292.719970703,
            289.009796143,
            288.411132812,
            291.445861816,
            290.111694336,
            285.826049805,
            285.582061768,
            293.212554932,
            291.24887085,
            288.692687988,
            290.303894043,
            296.795440674,
            294.45324707,
            289.378234863,
            288.679077148,
            297.989868164,
            295.19342041,
            290.220581055,
            290.002990723,
            302.84262085,
            299.872650146,
            294.746887207,
            293.364318848,
            299.673553467,
            295.710632324,
            291.375305176,
            289.53994751,
            298.481933594,
            296.582763672,
            291.493530273,
            290.847290039,
            298.817871094,
            294.807678223,
            290.892120361,
            290.003234863,
            300.791503906,
            296.787078857,
            291.570861816
        ],
        "seventy_five": [
            291.895812988,
            293.891296387,
            292.366027832,
            288.42980957,
            288.01940918,
            290.660400391,
            289.813537598,
            285.541442871,
            285.255157471,
            292.712768555,
            290.939178467,
            287.476806641,
            289.583129883,
            296.103637695,
            293.626617432,
            288.961975098,
            288.029754639,
            295.964599609,
            293.562988281,
            288.873840332,
            289.773101807,
            301.785491943,
            298.797943115,
            293.139892578,
            291.747070312,
            297.348754883,
            293.626983643,
            289.10760498,
            288.370697021,
            295.960754395,
            292.510681152,
            288.359619141,
            288.531677246,
            297.317199707,
            293.639068604,
            289.214782715,
            289.379425049,
            298.932983398,
            295.315673828,
            290.695739746
        ],